CNPJ,Razão Social
04.260.834/0001-97,
03.322.197/0001-73,
01.687.088/0001-24,
01.718.074/0001-20,
05.086.630/0001-44,BIG ALVES INFORMATICA
00.168.521/0001-52,100 PNEUS
01.803.681/0001-99,NIPOSOFT INFORMATICA
00.180.815/0001-08,MBODY PLANEJAMENTO E DESIGN
00.187.430/0001-64,B S I PROVEDOR DE ACESSO INTERNET
01.832.217/0001-20,OPENSOFT
05.200.505/0001-13,SONORA FEIRAS E EVENTOS
03.546.101/0001-50,
01.908.517/0001-46,ALADDIN FESTAS E EVENTOS
95.391.413/0001-50,
95.401.485/0001-31,
95.402.020/0001-03,SUPERVIDEO
95.448.809/0001-97,CARBU KIT - CONTROL SYSTEM
00.290.889/0001-99,
05.253.436/0001-06,
00.298.820/0001-01,
03.623.593/0001-30,CALMARC
00.336.730/0001-68,SUPPORT SERVICOS ADMINISTRATIVOS
03.654.695/0001-13,
03.688.658/0001-26,GLOBAL FULL COMMERCE
00.393.522/0001-09,
05.377.334/0001-00,OFF-BEAT AUDIOVISUAL
05.384.880/0001-60,ARMAZEM DESIGN-CONSULTORIA E PLANEJAMENTO
02.048.514/0001-42,
05.409.798/0001-43,
02.052.746/0001-74,MAXWARE INFORMATICA LTDA
03.744.590/0001-55,FOCPAZ BR
03.762.722/0001-71,
02.105.738/0001-49,
05.468.504/0001-54,FALHA NOSSA
00.513.391/0001-48,JF CONSULTORIA E AUDITORIA EM T.I.
00.523.469/0001-05,COMTEC INFORMATICA
03.833.726/0001-01,SUPORTE DELIVERY
05.503.567/0001-02,INTERVALO COMUNICACAO
03.891.147/0001-07,PUMA CLUB - BR
05.555.084/0001-43,
00.614.892/0001-10,W T S
03.936.513/0001-05,
02.248.189/0001-61,AUTOMACTION
02.293.359/0001-20,
05.657.822/0001-63,"EVENT ART - EVENTOS, SOLUCOES E PRODUCOES"
04.007.914/0001-35,CANAL D INFORMATICA
02.317.067/0001-80,ALE1 SOLUTION
02.320.882/0001-06,
05.702.623/0001-20,CREAATOR
00.716.914/0001-53,
02.401.184/0001-27,
04.177.442/0001-69,AZULNET
05.858.467/0001-90,
00.862.220/0001-24,
00.892.427/0001-41,
04.257.124/0001-08,SENAR AR/PR
02.542.259/0001-90,
05.933.439/0001-90,DIGITAL FACE RADIOLOGIA ODONTOLOGICA
04.279.406/0001-06,TAOWAY SUSTENTABILIDADE SOCIOAMBIENTAL
04.281.893/0001-41,
00.940.016/0001-84,INTERACAO EVENTOS
05.959.229/0001-71,LIFE POKER EVENTOS
05.960.347/0001-08,
05.978.829/0001-87,TELECEL INTERMEDIACAO E AGENCIAMENTO DE NEGOCIOS LTDA
04.324.107/0001-46,
04.344.127/0001-89,
00.997.649/0001-29,LINO & SOUZA ASSESSORIA EM INFORMATICA
06.042.997/0001-29,
04.395.373/0001-60,
06.067.804/0001-94,I9 TEC DEV
02.705.617/0001-38,
06.136.505/0001-64,WAVIMOVI
04.471.981/0001-06,WIPRO TECHNOLOGIES
01.111.901/0001-13,
04.479.758/0001-05,CENTRAL VIDEO GAMES
06.156.732/0001-51,
04.496.458/0001-34,DADA BEATS
04.498.297/0001-18,
01.156.756/0001-97,INFRACINE EQUIPAMENTOS
43.819.978/0004-35,C M A ENGENHARIA DE SISTEMAS
06.216.539/0001-69,
01.174.685/0001-55,B J R
74.105.610/0001-96,MEGA EXPRESS
47.379.565/0007-80,
06.288.330/0001-00,
01.243.592/0001-35,
04.622.174/0001-47,OX.DIGIT
02.895.245/0001-50,OLELE FILMES
75.140.210/0001-84,
04.666.242/0001-70,
04.668.879/0001-03,LABOR FISCO TREINAMENTOS
01.298.547/0001-88,QUALIPRO SERVICOS PROFISSIONAIS EM TI
06.368.003/0001-69,JBYTES DESENVOLVIMENTO DE SOFTWARE LTDA
06.865.868/0001-30,
01.358.249/0001-36,SUPPORT ASSESSORIA EM CONVENIOS MEDICOS
06.934.963/0001-49,GERACAO INFO
06.936.658/0001-96,CENTRAL RURAL
01.375.485/0001-60,
76.617.901/0001-99,
06.960.222/0001-32,
06.963.149/0001-52,TURBO TELECOM
01.407.396/0001-59,DIEM INFORMATICA
04.818.644/0001-42,MENDONCA & BARROS REPRESENTACAO COMERCIAL
07.003.574/0001-62,PLATTO COMUNICACAO INTERATIVA
21.923.693/0001-64,
03.076.227/0001-09,ENTERPRISING CONSULTORIA E INFORMATICA
07.883.402/0001-20,
03.089.027/0001-90,SMW BRASIL
76.659.820/0003-13,PUC PR CAMPUS CURITIBA
03.095.172/0001-84,PILATTI
80.112.410/0003-25,PC AUXILIAR INFORMATICA
03.164.677/0001-53,TRIFAX TECNOLOGIA
78.713.468/0001-10,MICROSERVICE
03.178.021/0001-90,
07.145.539/0001-88,VIA SATELITE PRODUCOES CINEMATOGRAFICAS
01.548.608/0001-18,GOLDEN GATE EVENTOS
03.217.373/0001-07,
01.600.737/0001-08,F S P
01.648.405/0001-01,
79.965.760/0001-93,
07.266.555/0001-29,
07.269.169/0001-90,CIA CURITIBANA
80.177.934/0001-32,FINALIZA PRODUCOES DE AUDIO E VIDEO
80.357.122/0001-79,
80.580.418/0001-54,G/PAC COMUNICACAO INTEGRADA
80.818.172/0001-06,GIOVANI PROMOCOES
07.368.000/0001-98,
07.382.594/0001-91,
05.408.683/0001-34,AGUIA VIDEO PRODUCOES
82.425.851/0001-40,
82.482.662/0001-00,MC CONSULTORIA EM INFORMATICA
82.485.657/0001-50,BIANCA
06.261.459/0002-06,REIKI SUL
84.854.306/0001-03,UTIL SERVICOS PROFISSIONAIS
84.885.813/0001-04,
84.910.108/0001-01,DINAMARCA LOCADORA DE FITAS
65.977.167/0001-52,
68.332.451/0001-60,MOAI TECH
68.602.481/0001-49,
07.514.109/0001-96,
07.592.978/0001-39,
06.199.282/0001-84,REIN SISTEMAS
07.629.954/0001-07,GP CURSOS
07.644.450/0001-66,SSE CONSULTORIA AGROPASTORIL
84.836.030/0001-22,REALIZA AUDIOVISUAL
07.719.200/0001-48,PERSONAL EASY COMPUTER CARE
07.728.605/0001-42,
07.739.701/0001-96,ZOOMING TECNOLOGIA
07.809.786/0001-31,DUBOC PRODUCOES LTDA
07.837.599/0001-61,MEGABONUS
07.838.024/0001-63,STORE SOLUTIONS
03.653.662/0001-59,SOFT SUPORTE EM INFORMATICA
07.885.422/0001-30,DETRON
07.886.407/0001-07,RAY INFORMATICA
07.923.038/0001-85,A.M.O. COMERCIO E SERVICOS
07.931.164/0001-81,
07.944.843/0001-95,CAPICUA FILMES
07.984.992/0001-88,ABRIGO VIRTUAL
08.011.866/0001-00,STTYLO FASHION
08.041.649/0001-62,
03.405.143/0001-71,A B C DIGITAL-DOC
05.222.333/0001-89,LEGALNET SISTEMA DE INFORMACAO LTDA.
79.546.651/0001-31,
03.191.622/0001-32,SISREDE
06.028.168/0001-91,PPK CONVENIENCIA E SERVICOS ADMINISTRATIVOS
01.734.225/0001-34,SPPNL-EXCELENCIA TREINAMENTOS
07.956.629/0001-59,
06.880.325/0001-92,
07.283.566/0001-17,ABARROS INFOMAQ
07.458.120/0001-86,POESIA FILMES
05.765.198/0001-18,COMPANHIA BRASILEIRA DE TEATRO
07.567.854/0001-01,
07.507.966/0001-69,LIVE CONSULTORIA E AUDITORIA AMBIENTAL
04.309.501/0001-05,SERSUSTENTAVEL
07.922.372/0001-14,INOWEB
05.025.594/0001-09,
95.357.273/0001-02,SIL INFORMATICA
05.651.560/0001-20,INNOVA SOLUCOES TECNOLOGICAS
05.667.190/0001-19,CALLTEC
00.800.795/0001-12,OKO CRIATIVO
04.295.269/0001-01,
06.121.672/0001-31,
75.156.588/0001-76,ASSOCIACAO DE HOSPITAIS DO ESTADO DO PARANA
02.931.942/0001-19,IDEE SOLUCOES
01.322.568/0001-91,
04.718.008/0001-49,SEC-SOLUCOES EM COMERCIALIZACAO
76.647.106/0001-43,
77.185.445/0001-18,
79.154.571/0001-30,
07.333.951/0001-21,
07.483.749/0001-86,
07.558.246/0001-22,BSA ASSESSORIA EM AGROPECUARIOS
07.855.005/0001-45,PDA-ON
04.652.197/0002-85,
47.960.950/0126-42,MAGAZINE LUIZA
95.398.053/0001-19,CAPES ASSESSORIA E PESQUISA
06.195.471/0001-89,
75.114.272/0001-11,
77.163.483/0001-70,
07.287.481/0001-07,VSS PRODUCOES
07.795.063/0001-20,
07.801.162/0001-78,PRATO NOBRE
07.923.084/0001-84,FIRE SYSTEM ALARMES PARA INCENDIO
08.067.463/0001-82,FIPAVI
02.274.591/0001-10,
06.268.712/0001-72,
01.626.231/0001-78,
04.990.394/0001-23,
00.196.521/0001-66,
04.277.062/0001-04,NET GUARANA SERVICOS DE INTERNET
03.443.886/0001-36,WISESYSTEMS
05.105.330/0001-65,
05.123.190/0001-58,
05.126.849/0001-20,
05.244.993/0001-60,
02.028.309/0001-15,
00.593.896/0001-60,ROSFIL
05.680.322/0001-42,
00.721.756/0001-20,SCUBASUL ATIVIDADES SUBAQUATICAS
00.900.633/0001-56,M.MARCFEL CONSULTORIA EMPRESARIAL
04.651.979/0001-19,EDROS INFORMATICA
76.494.806/0001-45,"TV PARANAENSE, REDE PARANAENSE"
76.673.797/0001-50,FEAP
03.118.434/0001-89,SOFTCONT
80.236.078/0001-49,
01.795.647/0001-10,IMOVEIS J. E. COTARELLI
76.151.034/0001-49,
03.443.139/0001-06,SPANNEL
05.409.268/0001-03,HARLEQUIN PRODUCOES
07.012.577/0001-62,
06.289.922/0001-47,"TECER TEATRO - ARTE, EDUCACAO E CULTURA"
82.077.330/0001-40,
07.596.011/0001-25,OTIMIZA INFORMATICA LTDA
86.917.457/0001-80,
00.961.333/0001-87,IDEALSOFT
01.099.065/0001-07,
01.427.231/0001-49,FORTIS CODE SISTEMAS
05.852.501/0001-10,ACOM SISTEMAS
03.135.346/0001-95,
03.930.084/0001-50,GD9 ASSESSORIA EM RECURSOS HUMANOS
08.943.526/0001-17,
04.576.569/0002-31,HOTEIS ELO
08.219.553/0001-41,
08.236.185/0001-40,OPERA JAZZ & CO
08.290.552/0001-93,MORGOT BISTRO
08.488.786/0001-40,YMOVEIS.COM
08.512.041/0001-79,ZALIA SASSO
08.405.806/0001-71,HYPERLAN COMERCIO E MANUTENCAO DE INFORMATICA
08.624.379/0001-12,
08.652.131/0001-65,
08.690.592/0001-22,VIVA CAFE
08.745.611/0001-70,
08.767.265/0001-21,NATAN ASSESSORIA E CONSULTORIA EM INFORMATICA LTDA
08.789.433/0001-80,MENONITAS SERVICOS
08.795.806/0001-25,ANBEX
08.826.807/0001-90,X - SPORTS
08.856.073/0001-91,VIDEO STORE LOCADORA
08.868.658/0001-21,ARSIE TECNOLOGY
08.889.021/0001-11,BRINDESMIL
08.909.630/0001-95,
08.912.122/0001-66,
08.971.874/0001-06,DAEMME CONSULTORIA E ASSESSORIA AMBIENTAL
09.015.664/0001-07,PMO ELETRICA
02.890.199/0011-78,
09.091.948/0001-74,R23 TECHNOLOGIES
09.104.962/0001-65,
09.198.452/0001-02,
09.235.930/0001-07,C.S. FILMES
09.263.415/0001-22,PLYGREEN
09.263.771/0001-46,SETUPNET
09.426.501/0001-09,SCHURMANN'S CONSULTORIA & NEGOCIOS
09.437.566/0001-50,
09.497.408/0001-95,MARCO AURELIO REIS REIS
09.532.231/0001-10,MK INFOR
02.189.924/0009-60,
09.576.266/0001-51,MADEIRA BANDA
09.603.694/0001-26,
09.634.950/0001-42,GEO PIRES SOLUCOES EM INFROMATICA
09.188.952/0001-55,PIGARI
09.653.682/0001-06,ESPERANCA ORGANIZACAO DE EVENTOS
09.675.113/0001-61,G SOFT
20.254.399/0001-44,VMAX SOFTWARES
10.333.660/0001-48,
10.016.464/0001-40,PRINCIPE IMOVEIS
10.427.646/0001-03,VIMO EVENTOS
10.199.078/0001-30,BIOQUALLIS CONSULTORIA
10.257.187/0001-67,ANDINA- CONSULTORIA PESQUISA E GESTAO EMPRESARIAL
10.267.024/0001-65,ESCOLA OCRA BRASILIANA
10.282.019/0001-21,
10.505.628/0001-00,
10.519.994/0001-00,MNG INFORMATICA
10.533.022/0001-70,SKY TECH
10.560.195/0001-88,MINISTERIO NOVA ALIANCA
10.641.812/0001-70,DPROMO
10.645.619/0001-07,ROHDEN - INFORMATICA & SERVICOS
10.675.922/0001-52,NEOS DESIGN E COMUNICACAO LTDA
10.682.336/0001-35,
10.867.383/0001-53,HOTSPOT INFORMATICA
10.873.042/0001-90,
11.004.393/0001-28,MISTERPET
11.028.181/0001-80,FASTCOM
11.093.723/0001-07,TECLOG SOLUCOES LOGISTICAS
11.167.298/0001-45,MAC CURITIBA
11.187.064/0001-60,NYCTEA TECH
11.198.851/0001-07,INFO SOFT INFORMATICA
11.200.005/0001-84,RETRATO DO GATO
11.347.420/0001-65,
39.532.577/0002-60,
11.378.224/0001-58,
11.399.802/0001-32,G2G TECNOLOGIA
11.563.096/0001-12,
11.653.705/0001-24,
20.313.290/0001-30,
11.662.246/0001-45,
11.724.578/0001-07,
11.749.168/0001-10,
11.754.054/0001-69,
11.758.411/0001-67,RV EVENTOS
11.776.787/0001-02,
11.607.585/0001-29,
11.977.945/0001-84,WEBBERTEK- T. I.
11.997.977/0001-41,R.SCHNEIDER - ZOOTECNIA
12.097.204/0001-71,
12.140.662/0001-46,
12.202.566/0001-85,TRANS LABHORO
12.219.547/0001-61,
07.073.027/0029-54,
12.460.402/0001-58,
12.580.983/0001-61,
12.240.195/0001-26,BD CAR
12.622.393/0001-54,FERTONANI & KONNO SERVIOS DE INFORMATICA LTDA
12.649.163/0001-89,IMAGENARIA
12.699.927/0001-40,
12.705.669/0001-68,
09.574.379/0001-18,
12.787.558/0001-48,BEST PRINT
12.793.286/0001-99,RGE INFORMATICA
12.795.604/0001-50,EMBRAMIG - EMPRESA BRASILEIRA DE MINERIOS E GEOLOGIA
09.065.259/0001-95,PAMKA MOTION
08.903.476/0001-44,LIONLUX
12.949.298/0001-60,
12.963.983/0001-40,UNICA RECEPCAO E EVENTOS
13.003.978/0001-59,
13.042.904/0001-21,
13.087.760/0001-20,STUDIO RH TRAINING
13.194.785/0001-22,
13.204.294/0001-15,
13.207.704/0001-81,
13.227.081/0001-09,SOFTWARE UTIL INFORMATICA
13.227.124/0001-56,
13.270.734/0001-32,
13.286.433/0001-05,PERFORMANCE INFORMATICA
13.345.760/0001-82,TABOO EVENTOS
13.346.151/0001-48,
13.347.203/0001-09,LMENT PROMO
13.348.791/0001-97,
08.753.682/0001-15,
13.475.043/0001-75,
13.531.192/0001-04,MADEBUR
20.375.511/0001-03,
13.612.248/0001-55,MOJ EVENTOS
13.656.952/0001-00,CLARYTECH SOLUTION
13.663.710/0001-43,
13.682.198/0001-82,VMC INFORMATICA
13.727.487/0001-50,GEODIVERSIDADE
13.738.960/0001-03,
13.776.564/0001-62,TERA BYTE INFORMATICA
13.879.212/0001-32,
13.529.960/0001-95,COSMOS DECORACOES IMPORTACAO E EXPORTACAO
13.498.700/0002-80,
97.527.639/0001-61,
13.989.623/0001-80,
12.398.667/0001-73,PCA CONSULTORIA
14.097.706/0001-28,
14.104.544/0001-08,
14.148.756/0001-97,LC SERVICOS
14.221.293/0001-41,UNIFIVE INFORMATICA
14.226.804/0001-18,EMBRANEW
14.237.824/0001-94,DINAMICA TECNOLOGIA
14.349.365/0001-30,
14.456.403/0001-54,ECONSULTORIA
14.608.726/0001-16,
14.612.529/0001-70,
14.651.478/0001-96,
14.689.945/0001-77,
14.725.843/0001-60,
20.415.371/0001-41,
14.767.813/0001-16,
14.779.494/0001-69,RX CONSULTORIA SOCIOAMBIENTAL
14.885.689/0001-93,FERRARESI SOLUCOES TECNOLOGICAS LTDA
14.897.902/0001-87,
14.940.587/0001-23,
14.943.755/0001-34,CR TEC INFORMATICA
14.945.825/0001-93,J.A. CONSULTORIA EM TELECOMUNICACOES
15.014.349/0001-50,
15.023.893/0001-68,
15.032.601/0001-53,
15.135.250/0001-06,BUSINESS CORP
15.275.091/0001-45,O & N TECNOLOGIA DA INFORMACAO
15.301.707/0001-05,
15.341.296/0001-81,
15.368.014/0001-30,
15.420.799/0001-42,A GRANDE ESCOLA
09.394.277/0001-10,ENLUC AUTOMACAO
09.426.744/0001-47,
09.814.241/0001-49,
20.443.045/0001-48,A. G. M. LEILOES
10.473.614/0001-44,
10.596.875/0001-51,
10.740.786/0001-37,
10.818.723/0001-56,RYO EVENTOS
10.831.494/0001-00,PAPAWARE
10.869.405/0001-14,STORM TI
11.024.827/0001-51,4ETECH
11.396.841/0001-86,WEB ORANGE AGENCIA DIGITAL
12.019.324/0001-50,MEU PRIMO WEBSITES
12.049.336/0001-28,PROMOVER.NET
12.674.667/0001-59,CRMTEC SISTEMAS DE INFORMACAO
12.975.100/0001-12,
13.108.216/0001-17,
13.285.813/0001-17,GESTOUR
13.412.907/0001-00,
13.414.687/0001-53,
13.809.039/0001-04,
13.847.101/0001-44,
14.223.124/0001-40,DNN SOLUCOES AMBIENTAIS
14.576.493/0001-17,
14.669.416/0001-01,
14.833.561/0001-86,TIWEBSOLUTIONS
15.095.853/0001-21,ENSOFTS TECNOLOGIA DA INFORMACAO
15.103.087/0001-08,
15.372.367/0001-03,PLANOOH SERVICOS DE MARKETING
15.453.480/0001-13,CRIA FILMES
15.459.026/0001-70,
15.477.966/0001-91,CB COR CORRETORA DE SEGUROS
05.150.869/0002-17,
15.528.442/0001-82,OXFORD
15.551.985/0001-10,
15.580.563/0001-73,USS INFO
12.592.221/0001-85,AZAP TECNOLOGIA
15.596.724/0001-17,
15.768.604/0001-50,
15.929.587/0001-95,
16.563.879/0001-10,
16.578.211/0001-46,
16.583.915/0001-07,
16.587.923/0001-21,FRANCO TECH
12.940.149/0001-30,
16.666.930/0001-19,
16.683.119/0001-46,
16.687.730/0001-42,W. L. S. DOS SANTOS TELECOM E INFORMATICA
09.942.197/0001-52,RPSA SISTEMAS
13.378.986/0001-80,NEVEX IDEIAS
15.053.942/0001-05,STREETS TECNOLOGIA DA INFORMACAO
09.074.890/0001-50,DS CORREA - CONSULTORIA EM INFORMATICA
11.619.983/0001-65,
10.792.092/0001-43,TMV GESTAO DE NEGOCIOS
08.281.920/0001-37,CORDELIA PRODUCOES
09.719.891/0001-05,BAGGIO SPORTS
16.780.680/0001-43,
08.611.999/0001-17,CASE MULTIMIDIA
16.864.533/0001-51,
13.460.723/0001-15,SCIENCECORP
16.779.773/0001-58,
16.949.049/0001-25,GESTAO INTELIGENTE
16.970.442/0001-09,
17.016.004/0001-60,GAVA TI
17.020.813/0001-46,SZOSTECH SOFTWARE
17.036.285/0001-13,
17.088.753/0001-01,STENCI
17.111.648/0001-38,
17.210.800/0001-30,SPEEDFIX SOLUCOES EM SITES E PRODUCAO CULTURAL
17.227.952/0001-45,MOVA TRANSPORTES
15.265.086/0001-51,BRASIL LEADS
17.285.708/0001-39,
17.378.948/0001-88,SELVA BRANCA DESENVOLVIMENTO
17.427.336/0001-38,
17.448.353/0001-51,
17.495.360/0001-04,TAC - SERVICO EMPRESARIAL
17.530.505/0001-60,
17.586.284/0001-42,GLUCK PUBLICIDADE & SISTEMAS WEB
17.625.828/0001-38,
17.686.302/0001-68,ACV BRASIL
17.761.835/0001-67,
17.873.313/0001-57,FILMBOX COMUNICACAO AUDIOVISUAL - EIRELI
17.900.621/0001-24,IMAGINACAO LUZES E CORES
17.907.694/0001-48,
17.927.729/0001-00,
17.957.644/0001-75,SAPO FILMES
18.016.524/0001-36,AEQUILIBRIUM
18.052.460/0001-29,ALEXANDER -SERVICO DE INFORMACAO.
18.053.318/0001-04,ALFACONTROL
16.435.990/0001-20,
18.166.566/0001-53,
18.222.468/0001-96,
18.257.163/0001-10,BLACK FILMES
10.442.418/0001-02,
10.685.987/0001-89,
11.367.333/0001-70,
12.121.444/0001-64,
13.696.871/0001-33,LABIRINTO PRODUCOES
18.287.788/0001-24,BRA IN PRODUTORA CULTURAL
16.857.746/0001-56,
18.282.589/0001-23,
18.308.876/0001-65,DOUGLAS RANZOLIN EVENTOS
18.322.564/0001-06,
18.335.595/0001-00,
18.359.863/0001-15,M. SCHNER IT
18.362.054/0001-62,
18.283.756/0001-50,
18.367.089/0001-94,TFBR INFORMATICA
15.206.924/0001-16,
18.451.218/0001-28,ICITIES EVENTS
18.477.717/0001-94,
18.530.415/0001-32,
10.190.158/0001-25,PROLUV
18.574.042/0001-00,MARQUEZINY - ASSESSORIA EMPRESARIAL LTDA
18.575.935/0001-61,
18.697.679/0001-85,INSTITUTO OPINIAO
18.836.886/0001-73,AGENCIA SINAL
18.840.596/0001-01,
18.955.144/0001-67,YALE
19.068.812/0001-05,SUPERDENTAL
19.151.595/0001-04,
19.176.433/0001-20,
18.460.328/0001-56,
19.317.944/0001-15,AMG ASSESSORIA
19.336.914/0001-56,
19.354.213/0001-40,
19.356.652/0001-91,SOLSEK
19.521.234/0001-02,
19.532.665/0001-74,JC ASSESSORIA
19.557.327/0001-97,
19.652.313/0001-52,
19.708.481/0001-12,
17.217.638/0001-81,NABILE IT
19.727.855/0001-47,
19.774.615/0001-01,FULZE LIVE MARKETING
19.774.973/0001-06,PC CELL
19.794.839/0001-77,GUILHERME SANT ANA
19.857.708/0001-91,
19.863.431/0001-00,STUDIO EDUARDA LASTA
14.370.337/0001-03,NAZDAROVIA EVENTOS
19.928.676/0001-78,
20.013.939/0001-06,LPL TECNOLOGIA
20.069.297/0001-59,TORRES TECNOLOGIA E TREINAMENTO
20.101.603/0001-97,
20.494.863/0001-70,GEBIT SOFTWARES
20.503.711/0001-96,LSJ TI
20.789.456/0001-90,DUALPRO SOLUCOES EM TI
76.417.005/0031-00,SECRETARIA DE INFORMACAO E TECNOLOGIA
20.888.613/0001-14,
20.897.012/0001-78,CAMPIONI CARREIRA ESPORTIVA
20.927.285/0001-18,K11 COMUNICACAO
20.975.255/0001-87,
21.068.379/0001-41,
21.084.027/0001-80,
21.147.828/0001-47,VAR IMOVEIS
21.239.406/0001-00,
21.277.034/0001-06,IMAGISTICA FILMES
21.284.791/0001-07,
21.362.191/0001-01,
21.362.567/0001-88,
21.398.112/0001-12,EP GESTAO DE NEGOCIOS
21.413.061/0001-50,
21.504.010/0001-34,
21.560.116/0001-55,YOUFOCUS
21.563.898/0001-86,
21.645.490/0001-53,BS INFORMATICA
21.824.231/0001-90,
21.934.248/0001-08,SOLUWEB
22.041.970/0001-78,EBDA
22.062.309/0001-49,
22.091.983/0001-51,AORTODONTIA
22.118.332/0001-08,
15.358.346/0001-33,
22.169.298/0001-09,PIERRE A. PEREIRA TREINAMENTO E ASSESSORIA GERENCIAL
22.211.556/0001-60,
22.270.047/0001-08,
22.295.973/0001-38,
22.327.768/0001-07,
22.388.444/0001-89,
22.439.404/0001-19,
22.453.101/0001-50,
22.485.636/0001-03,
22.537.466/0001-63,
22.541.549/0001-26,
22.575.830/0001-80,
22.604.204/0001-74,
22.664.099/0001-69,
22.723.377/0001-01,
22.724.566/0001-07,EXPANDEL
22.798.028/0001-59,PSICOTRAUMAS UNIDADE BATEL
22.693.479/0001-21,
22.824.950/0001-73,
22.889.387/0001-11,CACHE FILMES
22.909.913/0001-68,
23.054.308/0001-15,
23.061.992/0001-62,
23.087.843/0001-72,MAX INTELIGENCIA FINANCEIRA
23.187.233/0001-40,PROSPECT SECURITIZADORA
23.196.575/0001-27,AGLITZ CONSULTORIA E ASSESSORIA
23.245.068/0001-36,
13.256.670/0001-15,METROLOGIC GROUP DO BRASIL
23.402.786/0001-79,
23.445.628/0001-04,3S - THREE SOFTWARE
23.463.072/0001-70,
21.151.786/0001-18,CTP COMERCIO
23.601.242/0001-36,
23.630.545/0001-87,OLAM CONSULTORIA
23.631.792/0001-06,NDK COMERCIO E SERVICOS DIGITAIS
23.701.866/0001-25,PLURIS AMBIENTAL
23.794.671/0001-77,TECTRIS BUSINESS SOLUTIONS
23.805.818/0001-87,
24.019.041/0001-98,MIRALUMO
15.916.988/0001-00,
19.273.443/0001-84,AMBIENCIA PRODUCOES AUDIOVISUAIS
24.189.322/0001-99,
24.233.852/0001-97,AOSL
24.346.288/0001-19,
24.357.463/0001-73,VOSS INTELLIGENCE
24.398.262/0001-14,
15.181.430/0001-24,
24.485.134/0001-08,
24.521.860/0001-39,
24.463.830/0001-13,
24.545.994/0001-90,
24.576.764/0001-98,
11.578.679/0001-17,
24.627.924/0001-80,DREAMS AND MAGIC ALTA PERFORMANCE
24.649.177/0001-81,J.B. PEREIRA SANTOS
24.657.741/0001-08,ALEF CORRETAGEM
20.529.916/0001-40,DECOL SOLUCOES EM TI
24.811.635/0001-37,DOCUMENTALIZE
24.833.181/0001-03,
24.900.043/0001-91,
24.908.520/0001-65,
24.910.393/0001-39,VENETOLANDIA SORVETERIA
24.998.120/0001-98,
25.000.991/0001-33,L & A INTERMEDIACOES DE CONSORCIOS
25.011.830/0001-45,MCRM RELACIONAMENTO & EXPANSAO
25.013.041/0001-43,F RANIERI
25.019.694/0001-30,
25.050.655/0001-03,ARCHVIZZ MAQUETES ELETRONICAS
25.060.163/0001-90,
25.069.470/0001-32,
25.080.150/0001-83,
25.090.930/0001-04,LIVE TECNOLOGIA
25.145.973/0001-40,INTELLIGENCE
25.148.019/0001-00,
25.228.629/0001-14,RUDFILMS
25.235.415/0001-75,SEVEN CO
24.924.496/0001-58,
25.282.442/0001-07,
25.286.446/0001-55,RADIOLA STUDIOS
15.137.427/0001-03,GP TECNOLOGIA E DESENVOLVIMENTO
25.316.904/0001-51,CARLET EVENTOS E ASSESSORIA ADMINISTRATIVA
19.879.546/0001-92,MISTAGOO
25.334.489/0001-69,ANMX
25.358.900/0001-36,
25.363.393/0001-29,SYCLON - WEB SOFTWARES
25.446.815/0001-20,
25.462.472/0001-97,LW TECNOLOGIA
25.533.463/0001-40,
23.715.239/0001-43,
24.751.436/0001-80,
19.085.780/0001-48,JESSE BARBOSA DOS SANTOS - SERVICOS
13.937.037/0001-92,OLIMPIO TECNOLOGIA
20.716.370/0001-37,
14.737.169/0001-33,
14.650.011/0001-21,
22.811.914/0001-75,
14.501.604/0001-26,
18.968.455/0001-60,VERDANT
10.282.989/0001-27,
19.259.129/0001-47,
14.528.841/0001-80,VISASOFT
21.924.224/0001-60,SOLUVISA
22.150.881/0001-60,BERCCI SEGUROS
24.814.201/0001-90,
08.771.391/0001-50,
14.133.194/0001-08,CONTINUITY CENTER
08.228.049/0001-08,DAL NEGRO PROCESSAMENTO DE DADOS
08.415.311/0001-23,EASY FILMES
15.070.003/0001-79,
25.208.226/0001-03,
15.820.506/0001-14,
11.097.018/0001-70,CURTTI & FANTAUSSI CONSULTORIA EM INFORMATICA
19.056.278/0001-09,
23.684.005/0001-86,CATALUNYA FILMES
08.144.740/0001-03,
20.885.673/0001-83,OPALA STUDIOS
20.465.898/0001-80,GRUPO MOVA
13.043.650/0001-66,
22.956.808/0001-80,MVP CONSULTORIA
09.594.636/0001-83,
13.519.605/0001-35,LIBERTY TELECOMUNICACOES 41
18.268.223/0001-08,
17.288.288/0001-44,
22.521.654/0001-01,
09.611.002/0001-91,
12.900.242/0001-10,
20.358.728/0001-05,
15.122.174/0001-02,M&M TECNOLOGIA
10.738.034/0001-31,
20.324.464/0001-60,DEYVCAR MULTIMARCAS
24.109.055/0001-00,
12.321.148/0001-07,CETEFE TREINAMENTOS E EVENTOS
18.071.909/0001-04,DS SALES
13.258.641/0001-92,MEC MATRIX
20.483.349/0001-39,
82.321.845/0005-77,
19.360.024/0001-80,LABIRINTO DE ARTES - SERIAL COMICOS
22.198.315/0001-28,MOBILIDADE SEGURA EAD
17.357.587/0001-93,FRESH LAB
13.731.954/0001-16,BETABIT SISTEMAS
23.402.025/0001-17,
09.249.778/0001-03,PAULO SAKAI JUNIOR
23.095.120/0001-15,
08.739.288/0001-22,FUN JUNGLE BUFFET
11.436.058/0001-07,
18.498.226/0001-20,
25.311.702/0001-17,
10.413.783/0001-99,TEMPERA COMUNICACAO E EVENTOS
10.379.822/0001-89,
18.988.748/0001-00,SEMV PROJETOS GOVERNAMENTAIS
18.249.971/0001-35,4ITIL TECNOLOGIA LTDA
10.695.144/0001-63,TVC PRODUCOES
11.370.935/0001-86,CLARABOIA LTDA
20.210.061/0001-90,
18.845.782/0001-25,
14.479.683/0001-16,FOX INFORMATICA
12.425.987/0001-75,
08.332.490/0001-35,
23.381.610/0001-88,VPM CORRETORA DE SEGUROS
22.223.491/0001-72,
18.994.022/0001-80,NEWS PICTURES
13.867.069/0001-69,
20.744.569/0001-79,TCL SISTEMAS WEB EIRELI
14.888.232/0001-32,DVD - CAFFE
09.019.291/0001-34,VMPAY
13.622.274/0001-64,
18.950.150/0001-21,TI4B - SOLUCOES EM TECNOLOGIA
13.505.385/0001-90,SOLUTIONS TECNOLOGIA
23.883.552/0001-90,
18.085.744/0001-11,
22.788.390/0001-49,STUDIO 2165 COMPUTACAO GRAFICA LTDA
13.265.237/0001-46,
20.093.146/0001-36,FLOR VOICE OVER & PRODUCOES
19.301.104/0001-64,
19.395.419/0001-18,WGW PORTOES
19.291.169/0001-76,
24.522.580/0001-45,XENON - TRILHA SONORA
25.246.087/0001-02,CAVALHEIRO 7
21.556.601/0001-55,
19.500.296/0001-38,RECONCILI
17.142.243/0001-67,DUOMO APRENDIZAGEM CORPORATIVA
25.973.749/0001-46,
26.008.553/0001-84,SYNTHESIS CRIACAO DE PERSONAGEM EM 3D
26.015.459/0001-52,
26.047.773/0001-17,
26.048.453/0001-81,
26.058.637/0001-22,
26.098.692/0001-46,
26.162.478/0001-01,JOYMASHER JOGOS DIGITAIS
26.217.988/0001-39,
26.230.145/0001-72,
26.283.901/0001-21,
26.291.058/0001-25,
26.313.398/0001-00,
26.339.889/0001-20,
26.388.559/0001-24,DECAY CONSULTING
26.402.143/0001-13,
26.441.281/0001-01,
26.466.864/0001-97,
26.493.309/0001-54,
26.519.087/0001-00,
26.555.924/0001-48,
26.562.623/0001-41,
26.627.475/0001-04,
26.647.929/0001-09,
26.655.963/0001-17,DUO ODONTOLOGIA
26.714.676/0001-30,DESEN DESIGN
26.717.664/0001-60,CONDO GESTAO
26.742.070/0001-09,ANCORA CORRETORA DE SEGUROS
26.773.712/0001-37,
26.893.895/0001-24,
26.896.285/0001-84,
26.901.743/0001-26,GERALDO PECIS PALESTRAS E TREINAMENTOS
27.011.255/0001-06,
27.055.981/0001-20,
27.090.363/0001-11,ZERO TI
27.094.062/0001-66,
27.152.046/0001-82,AF COMERCIO E REPRESENTACOES
27.170.032/0001-91,ICLUSTER
27.227.795/0001-21,GORILLA GREEN
27.228.548/0001-40,2B ESSENTIAL SOLUCOES EMPRESARIAIS
27.258.864/0001-64,ANTI-GLITCH FOUNDATION
27.258.939/0001-07,
27.269.056/0001-00,IASO CONSULTORIA
27.292.444/0001-02,DECIPHER
78.413.325/0013-27,JACOMAR
27.311.908/0001-72,
27.318.438/0001-79,
27.389.585/0001-30,
27.393.322/0001-02,
27.486.424/0001-64,
26.093.436/0001-66,
27.554.131/0001-77,
26.293.607/0001-09,
27.662.103/0001-73,BRUN KATIA MKT
27.663.808/0001-05,
27.667.548/0001-46,HS2 INFORMATICA
27.694.836/0001-90,CONTABILIT TECNOLOGIA LTDA
27.703.528/0001-83,
27.706.940/0001-57,PRCOM
27.046.919/0001-72,
27.855.850/0001-28,SUPERNOVA PRODUCOES
27.906.799/0001-36,
27.912.048/0001-22,2A FEIRAS E EVENTOS
27.921.914/0001-41,
27.985.997/0001-32,
28.005.846/0001-33,KRINGER SOLUCOES
28.007.027/0001-25,
28.010.014/0001-05,
28.023.754/0001-86,OECON CONSULTORIA
28.076.464/0001-09,
28.081.861/0001-60,
28.158.570/0001-23,MCL CONSULTORIA
28.269.684/0001-40,
28.272.205/0001-45,
28.310.060/0001-20,
28.384.638/0001-92,
28.418.928/0001-00,
28.475.503/0001-32,
28.490.527/0001-60,
28.500.883/0001-18,
28.586.982/0001-64,
28.628.804/0001-59,
28.674.095/0001-48,
28.686.415/0001-80,CORINGA CELL
27.089.080/0001-50,ALLIANCE PRODUCOES ARTISTS
12.875.782/0002-72,
28.764.853/0001-19,
28.803.737/0001-61,
28.839.635/0001-04,
28.879.752/0001-93,
28.932.172/0001-12,NECTAR DIGITAL
28.981.921/0001-00,BY MOVE
29.088.074/0001-03,
29.113.540/0001-63,
29.114.312/0001-08,GAMERS EXPERIENCE
29.122.999/0001-23,NARIZ SOLIDARIO
29.173.369/0001-88,F. DELLATORRE CONSULTORIA E GESTAO DE NEGOCIOS
28.787.023/0001-07,SILP - SISTEMA INTEGRADO DE LICITACOES PUBLICAS
29.222.720/0001-83,1188 EDUCACAO EXECUTIVA
29.226.488/0001-51,LIBERCOACH
29.237.360/0001-93,
29.243.303/0001-17,JMM EVENTOS
29.300.975/0001-17,ESTUDIO CAFE ARTES
29.414.230/0001-89,
29.419.156/0001-93,SAULUTION TECNOLOGIA
29.465.958/0001-30,F5 DATA SOLUTIONS
29.481.177/0001-39,SISCENTER - TECNOLOGIA EM SISTEMAS
29.536.152/0001-95,
29.565.500/0001-52,
29.601.337/0001-36,VLS SOFTWARE
29.633.952/0001-24,
29.640.025/0001-31,
29.684.275/0001-73,MARCOS MASSATSUNE TAIRA
29.743.918/0001-02,
27.758.959/0001-47,RED BEAN
28.428.858/0001-70,WERNER PRODUCOES
28.591.111/0001-39,INFOMEK SOLUCOES EM TECNOLOGIA
28.989.295/0001-90,GLOBAN COMERCIAL EXPORTADORA
29.805.816/0001-74,
29.854.237/0001-11,
29.855.127/0001-74,IANKOWSKI ADVISORY
29.874.911/0001-20,
29.918.643/0001-09,
29.977.887/0001-54,
29.994.080/0001-20,
30.004.479/0001-03,
30.050.452/0001-49,
30.080.435/0001-54,
30.104.918/0001-41,EDOL SISTEMAS
30.109.131/0001-72,IBTECH SISTEMAS
30.116.407/0001-40,
30.121.562/0001-54,
30.168.633/0001-74,
30.172.536/0001-55,
30.201.935/0001-05,VIRTUE CONTADORES ASSOCIADOS
30.284.135/0001-97,
30.322.211/0001-01,
30.337.925/0001-93,CADENCE IMPACT PARTNER
30.341.295/0001-20,
30.346.161/0001-00,JOSNEI FERREIRA DOS SANTOS SERVICOS EM TI
30.318.608/0001-20,PONTO 41 ARQUITETURA E DESIGN LTDA
30.429.402/0001-77,
30.446.909/0001-39,PERSONAL OPENBANK
30.473.518/0001-03,JP SOFTWARES
30.538.974/0001-94,
30.588.375/0001-85,
30.357.300/0001-93,
30.617.734/0001-85,GHISLAINE MIRANDA BONDUELLE
30.629.915/0001-21,
30.707.601/0001-08,
30.729.122/0001-84,WAY ENGENHARIA DE PROCESSOS & NEGOCIOS
30.759.042/0001-71,GEBIT
30.781.589/0001-73,
30.827.201/0001-28,
30.832.908/0001-22,AAD DESENVOLVIMENTO DE SISTEMAS
30.859.096/0001-09,
30.863.124/0001-61,LIMA IT SERVICOS INFORMATICA
30.935.151/0001-00,SCHIPX SISTEMAS E PROJETOS
30.959.170/0001-69,
30.977.933/0001-02,TELEPORTING SERVICOS DIGITAIS
31.001.188/0001-16,CAIRES EXPRESS
31.041.885/0001-09,
31.056.664/0001-04,
31.070.305/0001-01,GABRIEL REGA - FOTOGRAFIA E ARTE
31.105.908/0001-93,CATALINA ESTRADA IDIOMAS E COMUNICACAO
31.126.804/0001-65,
31.285.229/0001-43,L3R - AUTOMACAO
31.296.038/0001-87,
27.490.756/0001-12,GRUPO PIFFER
31.378.120/0001-50,
31.388.668/0001-81,GRUPO MCA
31.406.631/0001-39,
31.418.826/0001-07,E-HP SUPORTE & CONSULTORIA
31.448.136/0001-92,
28.570.008/0001-02,
31.461.564/0001-55,FREITASSOFT
31.462.072/0001-84,ICONE SOFTWARE
31.533.899/0001-31,PORTUS TECNOLOGIA DA INFORMACAO
31.535.217/0001-20,
31.555.407/0001-09,GEO PLACAS
31.556.930/0001-50,
31.592.763/0001-00,RM PREMIUM
31.598.396/0001-44,MACOPPI - LEARNING SOLUTIONS
30.906.818/0001-39,GS PROMOTORA DE VENDAS
28.134.422/0001-79,MOBFACIL SOLUCOES DE MOBILIDADE
31.655.309/0001-43,GHP PRODUCOES
22.281.507/0002-84,GRAFICA PAULISTA CARTOES
31.706.323/0001-29,LUCASRT TECH
31.407.183/0001-98,
31.817.292/0001-83,CREDSUL
31.859.717/0001-17,
31.908.760/0001-25,POMELO TECH
31.916.376/0001-74,BLACKBOX STUDIO
31.919.059/0001-01,
31.932.851/0001-04,
31.961.387/0001-76,WHEAT SOLUTIONS
31.976.385/0001-50,CONVEXUM DIGITAL
31.979.062/0001-10,DJONATAN PIEHOWIAK FOTOGRAFIA & TECNOLOGIA
31.979.692/0001-95,
31.982.098/0001-53,
31.989.773/0001-76,
32.001.017/0001-50,DEBUG TECHNOLOGIES
32.015.946/0001-18,
32.020.540/0001-23,
32.062.037/0001-30,
32.064.228/0001-31,
32.066.236/0001-17,
32.115.086/0001-94,R LODI ASSESSORIA
32.116.987/0001-09,BUY ORDER FAST
32.135.623/0001-68,
32.145.249/0001-81,JANKE SERVICOS
32.180.260/0001-82,
32.206.387/0001-23,ESPERTI
32.217.625/0001-04,
32.219.247/0001-90,VICTOR AUGUSTO
32.240.875/0001-57,LUCIANO STRAPASSON PRODUCAO E ARTE
32.244.298/0001-71,
32.252.039/0001-92,
32.252.205/0001-50,
29.426.070/0001-98,FATE COMUNICACAO
05.940.894/0005-47,
32.301.862/0001-40,
32.316.554/0001-99,
32.360.879/0001-79,
32.443.882/0001-56,CAKE DIGITAL
32.493.147/0001-57,
32.527.447/0001-00,
32.536.999/0001-84,AMRF INVESTIMENTOS
32.554.049/0001-82,A PIAZADA FILMES
32.558.197/0001-75,
32.561.109/0001-94,DGL SERV
32.593.934/0001-70,
32.611.200/0001-77,
32.625.624/0001-90,GD - DESENVOLVEDORA DE SOLUCOES & INOVACAO
31.326.659/0001-66,
32.725.457/0001-50,
32.742.315/0001-09,
32.576.160/0001-70,
33.003.257/0001-56,
33.009.575/0001-24,ATHENS INVESTMENTS
33.014.079/0001-69,
33.024.870/0001-50,
33.029.716/0001-70,IMOVEIS NA TV PROPAGANDA E PUBLICIDADE EIRELI
33.052.582/0001-09,
33.076.081/0001-62,
33.077.593/0001-43,
33.081.489/0001-22,
33.081.900/0001-60,
33.083.897/0001-13,
33.087.228/0001-10,
33.125.251/0001-51,
33.126.711/0001-66,
19.276.792/0021-01,
33.158.367/0001-97,
33.203.612/0001-30,
33.209.247/0001-71,
33.219.108/0001-29,I9 SECURITY
33.235.330/0001-15,OLIVEIRA'S TI
33.259.802/0001-70,DANIEL FRANCISCO MARQUES
33.297.165/0001-26,CEKSOFT
33.323.366/0001-50,
32.671.270/0001-10,
33.361.199/0001-32,ACM SERVICOS DE INFORMATICA E LOCACAO DE EQUIPAMENTOS
33.361.789/0001-65,INSTITUTO VISAO SEM FRONTEIRAS
33.072.717/0001-06,
33.387.868/0001-45,
33.401.494/0001-75,
27.056.356/0001-01,CB COMERCIAL
31.394.986/0001-55,
33.496.497/0001-30,
33.524.555/0001-91,
33.536.573/0001-93,
33.561.991/0001-30,
33.570.900/0001-23,ALVES SOLUTIONS
33.572.990/0001-91,MARCOS CAMPOS - SOLUCOES EM INFORMATICA
33.610.156/0001-43,
33.621.445/0001-48,
33.624.454/0001-92,CODELAB ROCKS SERVICOS DIGITAIS
33.629.160/0001-53,
33.638.565/0001-58,LGG SERVICOS
33.665.328/0001-86,DIGITAL OWNS SOLUCOES EM INFORMATICA
33.679.579/0001-10,
33.689.607/0001-80,SINGULAR TECH
33.721.017/0001-97,PS2MI
33.737.269/0001-04,FIRE ENTRETENIMENTO
33.745.315/0001-17,
33.763.333/0001-21,
33.793.484/0001-22,
33.795.276/0001-62,MORAES NEGOCIOS IMOBILIARIOS LTDA
33.808.449/0001-30,
79.011.862/0004-12,
33.872.836/0001-35,LARADEVELOPER
26.510.191/0001-25,
27.869.991/0001-08,CIATICKET LTDA
33.916.643/0001-39,KURUMA TECH CONSULTANCY
33.917.648/0001-86,MAVERICK
33.823.941/0001-84,ECHOS CONSULTORIA EM PSICOLOGIA
33.958.666/0001-06,TULIO BORGES CONSULTORIA
33.986.987/0001-14,
34.023.052/0001-03,
34.033.819/0001-77,SB CUSTON
34.053.955/0001-29,
34.088.677/0001-45,
34.113.722/0001-74,
34.136.486/0001-01,
34.146.215/0001-37,
34.152.182/0001-38,IF VIDEO PRODUCOES
34.215.820/0001-12,DESKSHOP
34.223.114/0001-12,GOETTERT AUTOMACAO
34.229.446/0001-04,
34.255.288/0001-67,TEAM17 DESENVOLVIMENTO DE SISTEMAS
34.279.330/0001-80,
34.285.628/0001-00,MIND ENTERPRISE
34.295.157/0001-03,
34.311.383/0001-30,BIT8 SERVICOS INFORMATICA
34.334.834/0001-55,
34.337.917/0001-06,
34.342.181/0001-56,
34.354.288/0001-14,VEZ COMUNICACAO
34.415.261/0001-94,
34.437.757/0001-69,ARTES ENTRETENIMENTO
34.459.457/0001-80,
34.480.064/0001-59,AQUELE QUE OUVE A VOZ DO CORACAO
34.527.315/0001-03,
34.535.944/0001-85,
34.537.598/0001-74,
34.545.963/0001-92,
34.567.951/0001-69,
34.584.475/0001-94,IT ALL
34.610.625/0001-97,MDR DESENVOLVIMENTO DE APLICATIVOS
34.611.398/0001-14,RappTI Tecnologia e Desenvolvimento
34.622.176/0001-05,TECH41 TECNOLOGIA DA INFORMACAO
34.624.487/0001-03,
34.639.370/0001-95,Bruno Domingos Tecnologia
34.650.362/0001-40,
34.650.738/0001-16,V2O5 Marketing e Tecnologia
34.686.508/0001-07,
34.701.747/0001-99,
34.737.245/0001-18,dataplai
34.757.064/0001-53,
34.763.537/0001-25,MERCATOR CONSULTORIA EM RECURSOS HIDRICOS E AMBIENTAIS
34.783.139/0001-70,
34.838.736/0001-55,
34.852.015/0001-08,
34.881.470/0001-23,
34.971.869/0001-03,
34.986.121/0001-76,
34.998.736/0001-12,OneCorpore
35.041.575/0001-37,
35.046.225/0001-63,NEXT BUSINESS INNOVATION
35.050.759/0001-63,CLOUDPLEX TECNOLOGIA
35.056.261/0001-08,
08.323.041/0005-54,
35.068.229/0001-42,E-HIT
35.081.674/0001-42,MAZUSOFT
35.114.980/0001-38,
35.130.465/0001-41,
35.152.707/0001-06,TERRACOTA EVENTOS E LAZER
35.241.825/0001-82,JONAS JABRA TAWIL
35.276.478/0001-23,
35.279.020/0001-28,
35.337.008/0001-22,JAY MELLO
35.373.483/0001-54,
35.382.769/0001-04,
32.888.998/0001-07,
35.430.759/0001-99,
35.433.197/0001-37,Lubini Consultoria e Desenvolvimento de Sistemas
35.458.627/0001-75,SNOW TECNOLOGIA E EDUCACAO
35.474.542/0001-80,PCOLI
35.483.539/0001-23,
35.484.957/0001-35,SUKAFU TEAM
35.494.015/0001-38,
35.510.892/0001-55,HECTORCANAIMERO
35.532.990/0001-93,SABIARTS
35.564.820/0001-90,
35.569.721/0001-00,
35.586.947/0001-00,
35.364.917/0001-50,Diogo Bueno Desenvolvimento
35.660.064/0001-01,CASA DO BOLEIRO
35.670.836/0001-88,EDUARDO KEGLER - DESENVOLVIMENTO DE SOFTWARES
35.708.170/0001-00,
35.708.642/0001-24,
27.739.074/0001-09,
35.774.650/0001-79,
35.784.421/0001-35,USEINET
35.806.638/0001-07,
35.831.364/0001-06,Wosgrau Sistemas
35.835.512/0001-52,FARMCHAIN
35.837.096/0001-21,
35.844.717/0001-02,
26.400.117/0001-56,CELERO
35.885.157/0001-26,NUNES FLORES TI / NETO DE ALUGUEL
35.901.002/0001-36,
35.911.147/0001-18,
35.927.823/0001-41,
35.956.000/0001-44,Roaldo Vaz Gerenciamento Comercial
35.965.725/0001-07,DRIVA TECNOLOGIA LTDA
35.978.332/0001-20,LRB Limpeza Refinada e Bruta
36.020.551/0001-64,
36.031.620/0001-35,PREAMBULO CLOUD
36.055.711/0001-00,
36.068.251/0001-55,
36.117.394/0001-00,
36.132.122/0001-89,GAVAZZONI TECNOLOGIA
36.143.137/0001-42,TRIPLICE FRONTEIRA DIGITAL
30.662.540/0001-00,KARINA & FLAVIO MONTEIRO ANIMACOES
36.169.051/0001-99,DIEGO RAMON TECNOLOGIA
36.169.782/0001-34,
36.173.731/0001-86,
29.153.489/0001-13,EIGENKAPITAL
36.200.199/0001-49,
36.203.096/0001-32,NACIONAL MED
31.485.455/0001-78,NAVAS DESIGN
36.226.667/0001-54,FOR YOU - AGENCIA MULTIARTISTICA
36.237.563/0001-45,MARS - TECNOLOGIA E GESTAO
36.260.566/0001-08,LGBM SUPORTE
36.265.093/0001-23,BRITO IT SOLUTIONS
36.308.130/0001-33,
29.269.540/0001-57,SSH SISTEMAS
36.336.983/0001-89,
36.339.811/0001-69,
36.417.784/0001-03,STUDIO REVOLUTION
36.419.958/0001-69,
36.423.844/0001-92,
36.437.943/0001-23,
36.468.300/0001-47,AGENCIA APE
35.719.910/0001-03,TINOVA
36.505.189/0001-11,MERAKI TECNOLOGIA DA INFORMACAO
29.720.930/0001-00,NALLU NICHELE PRODUCOES CULTURAIS
36.547.770/0001-04,JOSIANE ALLEN SCRUFF
36.566.458/0001-50,C3 INFORMATICA
36.575.338/0001-19,
36.614.826/0001-98,
36.638.362/0001-50,
36.647.487/0001-46,
36.296.660/0001-09,
36.750.516/0001-09,AMAZON FESTAS E EVENTOS
36.753.714/0001-18,
36.782.354/0001-82,
36.860.068/0001-98,PSYMEET
34.424.320/0001-90,FASTFRETE
36.895.049/0001-05,EDERSON COSTA
36.898.660/0001-89,HSOR TECNOLOGIA
36.903.674/0001-43,EXHUB SOLUCOES EMPRESARIAS
36.919.130/0001-70,VILELA VIANNA APP
36.940.082/0001-00,BELLE ENGENHARIA DE SOFTWARE
36.966.889/0001-03,
36.976.760/0001-86,
11.255.944/0002-07,
36.994.394/0001-98,
37.000.632/0001-65,
37.027.428/0001-38,VDO LIVE GROUP
37.034.314/0001-15,THINK SYSTEMS
37.046.490/0001-77,
37.058.648/0001-29,
36.125.461/0001-38,
37.084.608/0001-51,
37.085.434/0001-41,DEIVID TEIXEIRA CONSULTORIA EM TECNOLOGIA
37.103.320/0001-87,MESTRE JEAN ENSINO E TREINAMENTOS
37.122.618/0001-34,
37.132.194/0001-99,
37.134.561/0001-93,
37.136.956/0001-25,OKA NETWORK
37.178.502/0001-17,ASJ TI
37.189.959/0001-27,
36.463.036/0001-59,
37.205.835/0001-98,
37.220.152/0001-00,GRUPO OLIVEIRAS & RAMOS SOLUCOES EMPRESARIAIS
37.224.515/0001-85,
30.567.706/0001-09,ZOLI
37.247.965/0001-93,MELLO I.A. SOLUTIONS
37.258.502/0001-27,LEAD TRACKER
37.299.313/0001-00,AURORA PRODUCOES
37.334.317/0001-74,TEKNA ROCKS
37.366.794/0001-11,G KIRINUS
37.384.028/0001-80,
37.384.735/0001-76,
37.410.262/0001-34,TOSIN CONSULTORIA
37.419.902/0001-77,L L SISTEMAS
37.432.862/0001-01,ABBIT
37.436.179/0001-34,
08.911.585/0005-37,
37.449.927/0001-13,
37.453.482/0001-45,
37.453.837/0001-04,
37.462.792/0001-26,
37.526.360/0001-31,
37.531.797/0001-63,EMPTY STUDIO
37.556.597/0001-65,FCMN TECH
37.591.523/0001-60,MILTON KOWALEWSKI
37.604.510/0001-88,VEE6
37.616.666/0001-89,JSQN CONSULTORIA
37.617.746/0001-59,FKEPPE TECNOLOGIA
37.621.313/0001-77,
37.633.041/0001-25,FORESIGHT SERVICOS COMERCIO
37.659.645/0001-40,GSV SOFTWARE
37.666.705/0001-52,SIQUEIRA CONSULTORIA
37.667.949/0001-50,FABIO DIAS INFORMATICA
37.693.558/0001-00,AVOXE
37.695.909/0001-11,PINHEIRO INTELIGENCIA FINANCEIRA
37.700.980/0001-45,
37.709.376/0001-80,SEI PRIME INFORMATICA
37.718.743/0001-01,SIEG STANDS
28.576.842/0001-05,
37.754.257/0001-49,LEAD DIGITAL
37.779.802/0001-51,RGB TECNOLOGIAS
37.783.604/0001-61,MANAGER CONSORCIOS
37.815.553/0001-02,
37.827.972/0001-64,FRANCISCO NUNES ATIVIDADES DE DESIGN
37.837.880/0001-65,
37.850.168/0001-04,
37.890.579/0001-15,
37.919.112/0001-50,
37.938.660/0001-28,ALPHA ARMACOLLO
37.988.596/0001-90,J REICHERT
38.030.514/0001-62,
38.035.908/0001-03,
38.052.293/0001-23,CREDINTEGRA
38.066.321/0001-61,FLOW EDTECH
38.071.014/0001-79,
33.540.828/0001-91,Erhardt Technology
38.078.131/0001-64,
38.139.554/0001-47,
33.935.569/0001-06,DRIVE MOTORS
38.177.971/0001-84,BOLTS TECHNOLOGIES
38.178.864/0001-70,VIANA GESTAO E TECNOLOGIA
38.250.988/0001-10,STEM EVENTOS
38.266.940/0001-08,
38.277.765/0001-46,ALTERNATIVA TEK
38.294.568/0001-35,
26.672.935/0001-08,CENTER TECH HARDWARE
38.335.036/0001-07,REIS CONSORCIOS
38.340.739/0001-15,
38.343.912/0001-39,BRAZCANN
38.344.111/0001-98,LUCAS VELOSO - QA
38.359.368/0001-13,INCYBER
38.395.627/0001-61,JP DA ROCHA CONSULTORIA DE NEGOCIOS
38.423.740/0001-03,CAMPARIM EMPREENDIMENTOS
38.437.204/0001-67,LUIS LISBOA TI
38.475.698/0001-74,LAURA TECHNOLOGY
38.481.738/0001-90,
38.575.315/0001-30,RAFAELDTINOCO
38.653.837/0001-02,
38.707.995/0001-06,ADENTU BRASIL
38.708.389/0001-05,DAXX MIDIA
38.729.921/0001-62,
38.731.992/0001-08,
38.891.481/0001-45,
38.973.831/0001-12,
39.318.790/0001-93,
38.470.220/0001-51,DATAVISIOOH - METRICAS DE AUDIENCIA OOH
39.326.748/0001-14,
39.329.102/0001-90,BOSQUE GOURMET
27.058.011/0001-89,
39.386.992/0001-72,
39.448.975/0001-12,
39.467.045/0001-06,ELAS PILOTAM
39.525.064/0001-41,SUPORTE CONSULTORIA
39.527.827/0001-93,MARKETING WOMAN
39.539.915/0001-05,
39.575.308/0001-09,
39.581.644/0001-56,
39.598.120/0001-78,LESSENZA ESTRATEGIA IMOBILIARIA
39.618.065/0001-30,
39.648.228/0001-28,WEPPET SOCIEDADE
39.679.834/0001-00,METROPOLYS
28.058.756/0001-00,MICRODEV TECNOLOGIA
39.692.779/0001-99,
39.695.446/0001-13,
39.734.494/0001-73,
39.765.019/0001-64,JOAMARA PACHECO
39.769.470/0001-50,
39.859.839/0001-15,SYNAPSYS SYSTEMS
39.871.549/0001-97,SD FILMS
39.874.069/0001-80,
39.880.714/0001-77,COPESOL ENERGIA SOLAR
39.921.301/0001-93,
36.063.786/0001-33,SOMA CENTRAL DE SERVICOS
39.929.429/0001-01,LIMPA LIMAO
39.949.800/0001-99,
39.960.763/0001-10,
39.993.397/0001-03,JON MACIEL
33.726.836/0001-27,
40.002.540/0001-29,CERETO INTERMEDIACAO DE NEGOCIOS
40.014.106/0001-69,TRANSFORMA CONSULTORIA EM PSICOLOGIA
40.034.666/0001-85,WOOKIE TECNOLOGIA
40.051.538/0001-40,RM SOLUCOES
40.070.190/0001-38,
34.100.157/0001-00,PROVER SOLUCOES
40.083.282/0001-52,C7LIZ INTERMEDIACAO DE NEGOCIOS
40.092.531/0001-76,ALMEIDA RIBEIRO CONSULTORIA
40.108.263/0001-33,
40.124.575/0001-30,
40.136.789/0001-27,
40.150.269/0001-79,
40.156.014/0001-13,
40.171.215/0001-90,
40.234.564/0001-03,GEVFILMES
40.242.410/0001-63,
40.292.735/0001-50,PAG FAN
40.301.068/0001-25,
40.380.031/0001-30,
40.422.117/0001-88,TERUYA SOLUTIONS
34.404.107/0001-17,
40.454.933/0001-73,
40.460.604/0001-35,NERDIN VAGAS DE TI
40.490.281/0001-22,
40.509.485/0001-68,
40.518.736/0001-70,
40.530.611/0001-66,
40.537.777/0001-04,HANDSMARKET
40.537.811/0001-40,
40.538.093/0001-27,
40.545.608/0001-16,ICK CONSULTING
40.547.592/0001-80,RAFAEL FERRARINI CONSULTORIA EM TI
40.573.640/0001-05,ASSESSORIA DE MARKETING RED ADS
40.584.897/0001-62,
40.594.116/0001-10,
40.601.799/0001-96,
40.612.870/0001-36,HYPERTEC
40.620.191/0001-09,
40.622.737/0001-60,LUDICFORGE
40.657.767/0001-02,MAJA TI
40.658.721/0001-08,FINHIVE
40.666.002/0001-39,EBO - INTELIGENCIA EM SOFTWARE
40.670.407/0001-40,
40.703.515/0001-72,
40.721.838/0001-99,VALE DO MADEIRA COMUNICACAO
40.726.329/0001-59,LIDERYTECH
40.736.966/0001-06,
40.744.566/0001-42,
40.755.620/0001-55,
40.783.560/0001-84,
40.783.447/0001-07,
40.836.848/0001-70,DEBUG IN THE SHELL
40.850.050/0001-82,
40.850.529/0001-19,
40.855.340/0001-19,OENNING SOLUCOES DE ENGENHARIA
40.856.260/0001-88,
40.859.661/0001-91,
32.856.947/0001-95,SOPRO PRODUCOES
40.904.839/0001-79,
40.909.085/0001-40,NEW ANGEL
40.909.703/0001-51,QUADRIBANK
40.919.246/0001-86,GLOBAL CAPITAL
40.930.536/0001-20,
40.944.349/0001-04,
40.946.591/0001-09,RADUNZ TECNOLOGIA E ENTRETENIMENTO
40.954.555/0001-97,
40.995.478/0001-13,
41.018.056/0001-50,RS CONSULTORIA
41.019.484/0001-06,
41.035.645/0001-47,VICI EDUCACAO INTERNACIONAL
41.063.885/0001-55,
41.065.823/0001-82,
41.077.094/0001-84,RHL TECNOLOGIA
41.088.362/0001-63,
41.110.155/0001-68,CHICO PAES PRODUCOES ARTISTICAS E MUSICAIS
41.165.829/0001-21,
41.204.028/0001-28,
41.218.197/0001-17,AGENCIA PTR3S
35.449.291/0001-84,INTERNATIONAL TRADITIONAL KARATE FEDERATION
41.252.902/0001-00,IKI TECH ENGINEERING
41.257.169/0001-09,DILERMANDO BARBOSA JR CONSULTORIA EM TI
41.314.191/0001-43,MARCOS OTANI CONSULTORIA EM DESENVOLVIMENTO DE SOFTWARE
41.318.092/0001-30,RETAIL EXPERIENCE
41.347.828/0001-06,
41.363.692/0001-10,WISOCKI STUDIOS
41.397.120/0001-51,FS SOLUCTIONS
41.402.212/0001-82,INFOEDESIGNER
41.414.952/0001-39,INNERTECH
41.415.625/0001-00,IASBECK&CO - REVENUE OPERATIONS ADVISORY
41.416.847/0001-39,
41.447.613/0001-59,JP INVESTIMENTOS
41.470.417/0001-03,DSOURCE SOLUCOES INTELIGENTES
41.480.017/0001-70,
41.480.423/0001-33,MAUHOFF MARKETING DIGITAL
41.482.307/0001-53,KODA TECNOLOGIA DA INFORMACAO
41.517.003/0001-84,NORBERT IT
41.544.637/0001-26,RM AGENCIAMENTO DE ATLETAS E MKT ESPORTIVO LTDA
35.885.350/0001-67,
41.580.709/0001-90,
41.582.105/0001-83,
41.590.397/0001-04,ASTI
41.592.336/0001-78,THE MAINE PRODUCOES
41.651.565/0001-16,
24.765.823/0019-03,NEOHYPE
41.707.176/0001-65,FRAINER COMUNICACAO
41.711.084/0001-59,
41.719.554/0001-20,
41.722.575/0001-03,
41.724.473/0001-19,NULLREF SOFTWARE
41.739.149/0001-74,AZUOS ATIVIDADES DE INTERMEDIACAO E AGENCIAMENTO
41.762.521/0001-63,
41.770.332/0001-32,JPBS CONSULTORIA EM TI
41.774.435/0001-70,TRIXX HOLDING
41.806.376/0001-75,UEXIT TECNOLOGIA
41.817.615/0001-92,BERRY EMPREENDIMENTOS DIGITAIS
41.820.094/0001-22,GIELOW TECHNOLOGY CONSULTANCY
41.821.584/0001-43,
28.499.395/0001-38,ETTICA
41.834.061/0001-31,VETORART
41.836.319/0001-39,GABRIEL S SEIMA
41.848.161/0001-17,BELNIOK CONSULTORIA EM TECNOLOGIA DA INFORMACAO
41.859.854/0001-05,
41.882.293/0001-65,
41.889.756/0001-10,
41.890.555/0001-33,GABBA HEY
41.894.994/0001-14,RS ASSESSORIA
41.896.453/0001-25,AN AUDIOVISUAL
41.899.904/0001-88,
33.371.914/0001-18,MORENO ADV GRAPHIC DESIGNER
34.306.794/0001-38,IMOVEL PERICIADO
37.527.513/0001-65,HARTLABS CONSULTORIA
26.256.714/0001-59,
37.834.325/0001-80,ARF COACHING E ASSESSORIA
27.297.781/0001-84,
29.484.993/0001-04,
40.272.682/0001-06,FIDEM - AGENCIA DESPORTIVA
27.684.983/0001-89,ROCKETMAN PRODUTORES ASSOCIADOS
40.770.873/0001-06,VVFW BIOSOLUTIONS
30.560.363/0001-42,
41.279.948/0001-05,
30.766.912/0001-30,
41.496.831/0001-83,PROTECTION CORRETORA DE SEGUROS
41.847.664/0001-78,
41.918.520/0001-65,
31.894.477/0001-91,LUCIANO PEREIRA DE ALMEIDA EIRELI
32.286.390/0001-02,
